<?xml version="1.0" encoding="UTF-8"?>
<!DOCTYPE mapper PUBLIC "-//mybatis.org//DTD Mapper 3.0//EN" "http://mybatis.org/dtd/mybatis-3-mapper.dtd">

<mapper namespace="com.dao.DingdanpingjiaDao">

	<!-- 可根据自己的需求，是否要使用 -->
    <resultMap type="com.entity.DingdanpingjiaEntity" id="dingdanpingjiaMap">
        <result property="dingdanbianhao" column="dingdanbianhao"/>
        <result property="pingjiabiaoti" column="pingjiabiaoti"/>
        <result property="dingdanpingfen" column="dingdanpingfen"/>
        <result property="dingdanpingjia" column="dingdanpingjia"/>
        <result property="pingjiariqi" column="pingjiariqi"/>
        <result property="yonghuming" column="yonghuming"/>
        <result property="shouji" column="shouji"/>
        <result property="sfsh" column="sfsh"/>
        <result property="shhf" column="shhf"/>
    </resultMap>

	<select id="selectListVO"
		resultType="com.entity.vo.DingdanpingjiaVO" >
		SELECT * FROM dingdanpingjia  dingdanpingjia         
        <where> 1=1 ${ew.sqlSegment}</where>
	</select>
	
	<select id="selectVO"
		resultType="com.entity.vo.DingdanpingjiaVO" >
		SELECT  dingdanpingjia.* FROM dingdanpingjia  dingdanpingjia
 		<where> 1=1 ${ew.sqlSegment}</where>
	</select>

    <select id="selectListView"
		resultType="com.entity.view.DingdanpingjiaView" >

		SELECT  dingdanpingjia.* FROM dingdanpingjia  dingdanpingjia 	        
        <where> 1=1 ${ew.sqlSegment}</where>
	</select>
	
	<select id="selectView"
		resultType="com.entity.view.DingdanpingjiaView" >
		SELECT * FROM dingdanpingjia  dingdanpingjia <where> 1=1 ${ew.sqlSegment}</where>
	</select>
	
	
</mapper>