<?xml version="1.0" encoding="UTF-8"?>
<!DOCTYPE mapper PUBLIC "-//mybatis.org//DTD Mapper 3.0//EN" "http://mybatis.org/dtd/mybatis-3-mapper.dtd">

<mapper namespace="com.dao.RexiaoshangpinDao">

	<!-- 可根据自己的需求，是否要使用 -->
    <resultMap type="com.entity.RexiaoshangpinEntity" id="rexiaoshangpinMap">
        <result property="shangpinmingcheng" column="shangpinmingcheng"/>
        <result property="fenlei" column="fenlei"/>
        <result property="huayu" column="huayu"/>
        <result property="tupian" column="tupian"/>
        <result property="guige" column="guige"/>
        <result property="xiangqing" column="xiangqing"/>
        <result property="clicktime" column="clicktime"/>
        <result property="reversetime" column="reversetime"/>
        <result property="clicknum" column="clicknum"/>
        <result property="price" column="price"/>
    </resultMap>

	<select id="selectListVO"
		resultType="com.entity.vo.RexiaoshangpinVO" >
		SELECT * FROM rexiaoshangpin  rexiaoshangpin         
        <where> 1=1 ${ew.sqlSegment}</where>
	</select>
	
	<select id="selectVO"
		resultType="com.entity.vo.RexiaoshangpinVO" >
		SELECT  rexiaoshangpin.* FROM rexiaoshangpin  rexiaoshangpin
 		<where> 1=1 ${ew.sqlSegment}</where>
	</select>

    <select id="selectListView"
		resultType="com.entity.view.RexiaoshangpinView" >

		SELECT  rexiaoshangpin.* FROM rexiaoshangpin  rexiaoshangpin 	        
        <where> 1=1 ${ew.sqlSegment}</where>
	</select>
	
	<select id="selectView"
		resultType="com.entity.view.RexiaoshangpinView" >
		SELECT * FROM rexiaoshangpin  rexiaoshangpin <where> 1=1 ${ew.sqlSegment}</where>
	</select>
	
	
</mapper>